id,nome,email,data_nascimento
1,João Silva,joao.silva@email.com,1990-05-15
2,Maria Santos,maria.santos@email.com,1985-12-20
3,Pedro Oliveira,pedro.oliveira@email.com,1992-08-10
4,Ana Souza,ana.souza@email.com,1988-03-25
5,Carlos Pereira,carlos.pereira@email.com,1995-11-01
6,Sofia Lima,sofia.lima@email.com,1982-06-30
7,Lucas Rodrigues,lucas.rodrigues@email.com,1998-09-05
8,Isabela Costa,isabela.costa@email.com,1991-01-12
9,Gabriel Martins,gabriel.martins@email.com,1987-04-18
10,Beatriz Ferreira,beatriz.ferreira@email.com,1993-07-22
11,Rafael Gomes,rafael.gomes@email.com,1989-10-28
12,Juliana Carvalho,juliana.carvalho@email.com,1996-02-09
13,Thiago Ribeiro,thiago.ribeiro@email.com,1984-11-03
14,Amanda Barbosa,amanda.barbosa@email.com,1999-04-06
15,Bruno Castro,bruno.castro@email.com,1990-12-15
16,Letícia Almeida,leticia.almeida@email.com,1986-07-01
17,Vinicius Azevedo,vinicius.azevedo@email.com,1994-03-20
18,Fernanda Correia,fernanda.correia@email.com,1983-08-25
19,Marcelo Dias,marcelo.dias@email.com,1997-05-10
20,Camila Fernandes,camila.fernandes@email.com,1991-02-17
21,Daniel Gonçalves,daniel.goncalves@email.com,1987-09-22
22,Eduarda Henriques,eduarda.henriques@email.com,1995-06-03
23,Felipe Marques,felipe.marques@email.com,1982-01-28
24,Giovanna Oliveira,giovanna.oliveira@email.com,1998-04-05
25,Hugo Pereira,hugo.pereira@email.com,1990-11-12
26,Ingrid Santos,ingrid.santos@email.com,1985-06-30
27,Júlio César,julio.cesar@email.com,1992-01-05
28,Katia Regina,katia.regina@email.com,1988-08-10
29,Leonardo Prado,leonardo.prado@email.com,1995-03-25
30,Mariana Vieira,mariana.vieira@email.com,1982-10-01
31,Nicolas Sousa,nicolas.sousa@email.com,1998-05-30
32,Olivia Rocha,olivia.rocha@email.com,1991-12-05
33,Paulo Sérgio,paulo.sergio@email.com,1987-07-12
34,Quezia Neves,quezia.neves@email.com,1993-02-18
35,Ricardo Barros,ricardo.barros@email.com,1989-09-25
36,Sabrina Pinto,sabrina.pinto@email.com,1996-04-01
37,Tiago Cruz,tiago.cruz@email.com,1984-11-10
38,Ursula Lima,ursula.lima@email.com,1999-06-15
39,Victor Melo,victor.melo@email.com,1990-01-22
40,Yasmin Alves,yasmin.alves@email.com,1986-08-30
41,Cauã Campos,caua.campos@email.com,1994-05-05
42,Evelyn Duarte,evelyn.duarte@email.com,1983-12-10
43,Guilherme Flores,guilherme.flores@email.com,1997-07-15
44,Heloísa Gomes,heloisa.gomes@email.com,1991-02-22
45,Ícaro Machado,icaro.machado@email.com,1987-09-30
46,Jasmim Nascimento,jasmim.nascimento@email.com,1995-04-05
47,Kevin Ribeiro,kevin.ribeiro@email.com,1982-11-10
48,Lorena Sousa,lorena.sousa@email.com,1998-06-15
49,Murilo Tavares,murilo.tavares@email.com,1990-01-22
50,Natália Vargas,natalia.vargas@email.com,1986-08-30
51,Otávio Ferreira,otavio.ferreira@email.com,1994-05-05
52,Penélope Castro,penelope.castro@email.com,1983-12-10
53,Quirino Alves,quirino.alves@email.com,1997-07-15
54,Raissa Brito,raissa.brito@email.com,1991-02-22
55,Samuel Cavalcanti,samuel.cavalcanti@email.com,1987-09-30
56,Talita Dias,talita.dias@email.com,1995-04-05
57,Ulisses Freitas,ulisses.freitas@email.com,1982-11-10
58,Valéria Guedes,valeria.guedes@email.com,1998-06-15
59,Wagner Lima,wagner.lima@email.com,1990-01-22
60,Xavier Nunes,xavier.nunes@email.com,1986-08-30
61,Yago Pereira,yago.pereira@email.com,1994-05-05
62,Zara Mendes,zara.mendes@email.com,1983-12-10
63,Abelardo Costa,abelardo.costa@email.com,1997-07-15
64,Bianca Rocha,bianca.rocha@email.com,1991-02-22
65,Cristiano Silva,cristiano.silva@email.com,1987-09-30
66,Débora Soares,debora.soares@email.com,1995-04-05
67,Eduardo Torres,eduardo.torres@email.com,1982-11-10
68,Fabiana Viana,fabiana.viana@email.com,1998-06-15
69,Geraldo Xavier,geraldo.xavier@email.com,1990-01-22
70,Hortência Souza,hortencia.souza@email.com,1986-08-30
71,Ígor Prado,igor.prado@email.com,1994-05-05
72,Joana Vieira,joana.vieira@email.com,1983-12-10
73,Kleber Santos,kleber.santos@email.com,1997-07-15
74,Lara Teixeira,lara.teixeira@email.com,1991-02-22
75,Márcio Cunha,marcio.cunha@email.com,1987-09-30
76,Nádia Reis,nadia.reis@email.com,1995-04-05
77,Oscar Paes,oscar.paes@email.com,1982-11-10
78,Patrícia Xavier,patricia.xavier@email.com,1998-06-15
79,Raul Mendes,raul.mendes@email.com,1990-01-22
80,Silvia Alves,silvia.alves@email.com,1986-08-30
81,Tomás Brito,tomas.brito@email.com,1994-05-05
82,Vera Castro,vera.castro@email.com,1983-12-10
83,Wilson Diniz,wilson.diniz@email.com,1997-07-15
84,Ximena Faro,ximena.faro@email.com,1991-02-22
85,Yuri Guedes,yuri.guedes@email.com,1987-09-30
86,Zilda Henriques,zilda.henriques@email.com,1995-04-05
87,Ângelo Jesus,angelo.jesus@email.com,1982-11-10
88,Érica Lemos,erica.lemos@email.com,1998-06-15
89,Ítalo Macedo,italo.macedo@email.com,1990-01-22
90,Óliver Neves,oliver.neves@email.com,1986-08-30
91,Frederico Pinho,frederico.pinho@email.com,1994-05-05
92,Cícero Quirino,cicero.quirino@email.com,1983-12-10
93,Eliana Rabelo,eliana.rabelo@email.com,1997-07-15
94,Márcia Salgado,marcia.salgado@email.com,1991-02-22
95,Norberto Teles,norberto.teles@email.com,1987-09-30
96,Patrícia Ulysses,patricia.ulysses@email.com,1995-04-05
97,Renata Valente,renata.valente@email.com,1982-11-10
98,Sérgio Xavier,sergio.xavier@email.com,1998-06-15
99,Tatiana Yunes,tatiana.yunes@email.com,1990-01-22
100,Vinícius Zanon,vinicius.zanon@email.com,1986-08-30